ID,Name,Description
1,name-1,desc-1
2,name-2,desc-2
3,name-3,desc-3
4,name-4,desc-4
5,name-5,desc-5
6,name-6,desc-6
7,name-7,desc-7
8,name-8,desc-8
9,name-9,desc-9
10,name-10,desc-10
11,name-11,desc-11
12,name-12,desc-12
13,name-13,desc-13
14,name-14,desc-14
15,name-15,desc-15
16,name-16,desc-16
17,name-17,desc-17
18,name-18,desc-18
19,name-19,desc-19
20,name-20,desc-20
21,name-21,desc-21
22,name-22,desc-22
23,name-23,desc-23
24,name-24,desc-24
25,name-25,desc-25
26,name-26,desc-26
27,name-27,desc-27
28,name-28,desc-28
29,name-29,desc-29
30,name-30,desc-30
31,name-31,desc-31
32,name-32,desc-32
33,name-33,desc-33
34,name-34,desc-34
35,name-35,desc-35
36,name-36,desc-36
37,name-37,desc-37
38,name-38,desc-38
39,name-39,desc-39
40,name-40,desc-40
41,name-41,desc-41
42,name-42,desc-42
43,name-43,desc-43
44,name-44,desc-44
45,name-45,desc-45
46,name-46,desc-46
47,name-47,desc-47
48,name-48,desc-48
49,name-49,desc-49
50,name-50,desc-50
51,name-51,desc-51
52,name-52,desc-52
53,name-53,desc-53
54,name-54,desc-54
55,name-55,desc-55
56,name-56,desc-56
57,name-57,desc-57
58,name-58,desc-58
59,name-59,desc-59
60,name-60,desc-60
61,name-61,desc-61
62,name-62,desc-62
63,name-63,desc-63
64,name-64,desc-64
65,name-65,desc-65
66,name-66,desc-66
67,name-67,desc-67
68,name-68,desc-68
69,name-69,desc-69
70,name-70,desc-70
71,name-71,desc-71
72,name-72,desc-72
73,name-73,desc-73
74,name-74,desc-74
75,name-75,desc-75
76,name-76,desc-76
77,name-77,desc-77
78,name-78,desc-78
79,name-79,desc-79
80,name-80,desc-80
81,name-81,desc-81
82,name-82,desc-82
83,name-83,desc-83
84,name-84,desc-84
85,name-85,desc-85
86,name-86,desc-86
87,name-87,desc-87
88,name-88,desc-88
89,name-89,desc-89
90,name-90,desc-90
91,name-91,desc-91
92,name-92,desc-92
93,name-93,desc-93
94,name-94,desc-94
95,name-95,desc-95
96,name-96,desc-96
97,name-97,desc-97
98,name-98,desc-98
99,name-99,desc-99
100,name-100,desc-100
101,name-101,desc-101
102,name-102,desc-102
103,name-103,desc-103
104,name-104,desc-104
105,name-105,desc-105
106,name-106,desc-106
107,name-107,desc-107
108,name-108,desc-108
109,name-109,desc-109
110,name-110,desc-110
111,name-111,desc-111
112,name-112,desc-112
113,name-113,desc-113
114,name-114,desc-114
115,name-115,desc-115
116,name-116,desc-116
117,name-117,desc-117
118,name-118,desc-118
119,name-119,desc-119
120,name-120,desc-120
121,name-121,desc-121
122,name-122,desc-122
123,name-123,desc-123
124,name-124,desc-124
125,name-125,desc-125
126,name-126,desc-126
127,name-127,desc-127
128,name-128,desc-128
129,name-129,desc-129
130,name-130,desc-130
131,name-131,desc-131
132,name-132,desc-132
133,name-133,desc-133
134,name-134,desc-134
135,name-135,desc-135
136,name-136,desc-136
137,name-137,desc-137
138,name-138,desc-138
139,name-139,desc-139
140,name-140,desc-140
141,name-141,desc-141
142,name-142,desc-142
143,name-143,desc-143
144,name-144,desc-144
145,name-145,desc-145
146,name-146,desc-146
147,name-147,desc-147
148,name-148,desc-148
149,name-149,desc-149
150,name-150,desc-150
151,name-151,desc-151
152,name-152,desc-152
153,name-153,desc-153
154,name-154,desc-154
155,name-155,desc-155
156,name-156,desc-156
157,name-157,desc-157
158,name-158,desc-158
159,name-159,desc-159
160,name-160,desc-160
161,name-161,desc-161
162,name-162,desc-162
163,name-163,desc-163
164,name-164,desc-164
165,name-165,desc-165
166,name-166,desc-166
167,name-167,desc-167
168,name-168,desc-168
169,name-169,desc-169
170,name-170,desc-170
171,name-171,desc-171
172,name-172,desc-172
173,name-173,desc-173
174,name-174,desc-174
175,name-175,desc-175
176,name-176,desc-176
177,name-177,desc-177
178,name-178,desc-178
179,name-179,desc-179
180,name-180,desc-180
181,name-181,desc-181
182,name-182,desc-182
183,name-183,desc-183
184,name-184,desc-184
185,name-185,desc-185
186,name-186,desc-186
187,name-187,desc-187
188,name-188,desc-188
189,name-189,desc-189
190,name-190,desc-190
191,name-191,desc-191
192,name-192,desc-192
193,name-193,desc-193
194,name-194,desc-194
195,name-195,desc-195
196,name-196,desc-196
197,name-197,desc-197
198,name-198,desc-198
199,name-199,desc-199
200,name-200,desc-200
201,name-201,desc-201
202,name-202,desc-202
203,name-203,desc-203
204,name-204,desc-204
205,name-205,desc-205
206,name-206,desc-206
207,name-207,desc-207
208,name-208,desc-208
209,name-209,desc-209
210,name-210,desc-210
211,name-211,desc-211
212,name-212,desc-212
213,name-213,desc-213
214,name-214,desc-214
215,name-215,desc-215
216,name-216,desc-216
217,name-217,desc-217
218,name-218,desc-218
219,name-219,desc-219
220,name-220,desc-220
221,name-221,desc-221
222,name-222,desc-222
223,name-223,desc-223
224,name-224,desc-224
225,name-225,desc-225
226,name-226,desc-226
227,name-227,desc-227
228,name-228,desc-228
229,name-229,desc-229
230,name-230,desc-230
231,name-231,desc-231
232,name-232,desc-232
233,name-233,desc-233
234,name-234,desc-234
235,name-235,desc-235
236,name-236,desc-236
237,name-237,desc-237
238,name-238,desc-238
239,name-239,desc-239
240,name-240,desc-240
241,name-241,desc-241
242,name-242,desc-242
243,name-243,desc-243
244,name-244,desc-244
245,name-245,desc-245
246,name-246,desc-246
247,name-247,desc-247
248,name-248,desc-248
249,name-249,desc-249
250,name-250,desc-250
251,name-251,desc-251
252,name-252,desc-252
253,name-253,desc-253
254,name-254,desc-254
255,name-255,desc-255
256,name-256,desc-256
257,name-257,desc-257
258,name-258,desc-258
259,name-259,desc-259
260,name-260,desc-260
261,name-261,desc-261
262,name-262,desc-262
263,name-263,desc-263
264,name-264,desc-264
265,name-265,desc-265
266,name-266,desc-266
267,name-267,desc-267
268,name-268,desc-268
269,name-269,desc-269
270,name-270,desc-270
271,name-271,desc-271
272,name-272,desc-272
273,name-273,desc-273
274,name-274,desc-274
275,name-275,desc-275
276,name-276,desc-276
277,name-277,desc-277
278,name-278,desc-278
279,name-279,desc-279
280,name-280,desc-280
281,name-281,desc-281
282,name-282,desc-282
283,name-283,desc-283
284,name-284,desc-284
285,name-285,desc-285
286,name-286,desc-286
287,name-287,desc-287
288,name-288,desc-288
289,name-289,desc-289
290,name-290,desc-290
291,name-291,desc-291
292,name-292,desc-292
293,name-293,desc-293
294,name-294,desc-294
295,name-295,desc-295
296,name-296,desc-296
297,name-297,desc-297
298,name-298,desc-298
299,name-299,desc-299
300,name-300,desc-300
301,name-301,desc-301
302,name-302,desc-302
303,name-303,desc-303
304,name-304,desc-304
305,name-305,desc-305
306,name-306,desc-306
307,name-307,desc-307
308,name-308,desc-308
309,name-309,desc-309
310,name-310,desc-310
311,name-311,desc-311
312,name-312,desc-312
313,name-313,desc-313
314,name-314,desc-314
315,name-315,desc-315
316,name-316,desc-316
317,name-317,desc-317
318,name-318,desc-318
319,name-319,desc-319
320,name-320,desc-320
321,name-321,desc-321
322,name-322,desc-322
323,name-323,desc-323
324,name-324,desc-324
325,name-325,desc-325
326,name-326,desc-326
327,name-327,desc-327
328,name-328,desc-328
329,name-329,desc-329
330,name-330,desc-330
331,name-331,desc-331
332,name-332,desc-332
333,name-333,desc-333
334,name-334,desc-334
335,name-335,desc-335
336,name-336,desc-336
337,name-337,desc-337
338,name-338,desc-338
339,name-339,desc-339
340,name-340,desc-340
341,name-341,desc-341
342,name-342,desc-342
343,name-343,desc-343
344,name-344,desc-344
345,name-345,desc-345
346,name-346,desc-346
347,name-347,desc-347
348,name-348,desc-348
349,name-349,desc-349
350,name-350,desc-350
351,name-351,desc-351
352,name-352,desc-352
353,name-353,desc-353
354,name-354,desc-354
355,name-355,desc-355
356,name-356,desc-356
357,name-357,desc-357
358,name-358,desc-358
359,name-359,desc-359
360,name-360,desc-360
361,name-361,desc-361
362,name-362,desc-362
363,name-363,desc-363
364,name-364,desc-364
365,name-365,desc-365
366,name-366,desc-366
367,name-367,desc-367
368,name-368,desc-368
369,name-369,desc-369
370,name-370,desc-370
371,name-371,desc-371
372,name-372,desc-372
373,name-373,desc-373
374,name-374,desc-374
375,name-375,desc-375
376,name-376,desc-376
377,name-377,desc-377
378,name-378,desc-378
379,name-379,desc-379
380,name-380,desc-380
381,name-381,desc-381
382,name-382,desc-382
383,name-383,desc-383
384,name-384,desc-384
385,name-385,desc-385
386,name-386,desc-386
387,name-387,desc-387
388,name-388,desc-388
389,name-389,desc-389
390,name-390,desc-390
391,name-391,desc-391
392,name-392,desc-392
393,name-393,desc-393
394,name-394,desc-394
395,name-395,desc-395
396,name-396,desc-396
397,name-397,desc-397
398,name-398,desc-398
399,name-399,desc-399
400,name-400,desc-400
401,name-401,desc-401
402,name-402,desc-402
403,name-403,desc-403
404,name-404,desc-404
405,name-405,desc-405
406,name-406,desc-406
407,name-407,desc-407
408,name-408,desc-408
409,name-409,desc-409
410,name-410,desc-410
411,name-411,desc-411
412,name-412,desc-412
413,name-413,desc-413
414,name-414,desc-414
415,name-415,desc-415
416,name-416,desc-416
417,name-417,desc-417
418,name-418,desc-418
419,name-419,desc-419
420,name-420,desc-420
421,name-421,desc-421
422,name-422,desc-422
423,name-423,desc-423
424,name-424,desc-424
425,name-425,desc-425
426,name-426,desc-426
427,name-427,desc-427
428,name-428,desc-428
429,name-429,desc-429
430,name-430,desc-430
431,name-431,desc-431
432,name-432,desc-432
433,name-433,desc-433
434,name-434,desc-434
435,name-435,desc-435
436,name-436,desc-436
437,name-437,desc-437
438,name-438,desc-438
439,name-439,desc-439
440,name-440,desc-440
441,name-441,desc-441
442,name-442,desc-442
443,name-443,desc-443
444,name-444,desc-444
445,name-445,desc-445
446,name-446,desc-446
447,name-447,desc-447
448,name-448,desc-448
449,name-449,desc-449
450,name-450,desc-450
451,name-451,desc-451
452,name-452,desc-452
453,name-453,desc-453
454,name-454,desc-454
455,name-455,desc-455
456,name-456,desc-456
457,name-457,desc-457
458,name-458,desc-458
459,name-459,desc-459
460,name-460,desc-460
461,name-461,desc-461
462,name-462,desc-462
463,name-463,desc-463
464,name-464,desc-464
465,name-465,desc-465
466,name-466,desc-466
467,name-467,desc-467
468,name-468,desc-468
469,name-469,desc-469
470,name-470,desc-470
471,name-471,desc-471
472,name-472,desc-472
473,name-473,desc-473
474,name-474,desc-474
475,name-475,desc-475
476,name-476,desc-476
477,name-477,desc-477
478,name-478,desc-478
479,name-479,desc-479
480,name-480,desc-480
481,name-481,desc-481
482,name-482,desc-482
483,name-483,desc-483
484,name-484,desc-484
485,name-485,desc-485
486,name-486,desc-486
487,name-487,desc-487
488,name-488,desc-488
489,name-489,desc-489
490,name-490,desc-490
491,name-491,desc-491
492,name-492,desc-492
493,name-493,desc-493
494,name-494,desc-494
495,name-495,desc-495
496,name-496,desc-496
497,name-497,desc-497
498,name-498,desc-498
499,name-499,desc-499
